<?xml version="1.0" encoding="UTF-8"?>
<!DOCTYPE mapper PUBLIC "-//mybatis.org//DTD Mapper 3.0//EN" "http://mybatis.org/dtd/mybatis-3-mapper.dtd">
<mapper namespace="pers.fj.staffmanage.dao.staff.manage.TbPartPOMapper">
  <resultMap id="BaseResultMap" type="pers.fj.staffmanage.entity.staff.manage.TbPartPO">
    <result column="staff_id" jdbcType="VARCHAR" property="staffId" />
    <result column="post_id" jdbcType="VARCHAR" property="postId" />
  </resultMap>
  <sql id="Example_Where_Clause">
    <where>
      <foreach collection="oredCriteria" item="criteria" separator="or">
        <if test="criteria.valid">
          <trim prefix="(" prefixOverrides="and" suffix=")">
            <foreach collection="criteria.criteria" item="criterion">
              <choose>
                <when test="criterion.noValue">
                  and ${criterion.condition}
                </when>
                <when test="criterion.singleValue">
                  and ${criterion.condition} #{criterion.value}
                </when>
                <when test="criterion.betweenValue">
                  and ${criterion.condition} #{criterion.value} and #{criterion.secondValue}
                </when>
                <when test="criterion.listValue">
                  and ${criterion.condition}
                  <foreach close=")" collection="criterion.value" item="listItem" open="(" separator=",">
                    #{listItem}
                  </foreach>
                </when>
              </choose>
            </foreach>
          </trim>
        </if>
      </foreach>
    </where>
  </sql>
  <sql id="Base_Column_List">
    staff_id, post_id
  </sql>
  <select id="selectByExample" parameterType="pers.fj.staffmanage.entity.staff.manage.TbPartPOExample" resultMap="BaseResultMap">
    select
    <if test="distinct">
      distinct
    </if>
    <include refid="Base_Column_List" />
    from tb_part
    <if test="_parameter != null">
      <include refid="Example_Where_Clause" />
    </if>
    <if test="orderByClause != null">
      order by ${orderByClause}
    </if>
  </select>
  <delete id="deleteByExample" parameterType="pers.fj.staffmanage.entity.staff.manage.TbPartPOExample">
    delete from tb_part
    <if test="_parameter != null">
      <include refid="Example_Where_Clause" />
    </if>
  </delete>
  <insert id="insert" parameterType="pers.fj.staffmanage.entity.staff.manage.TbPartPO">
    insert into tb_part (staff_id, post_id)
    values (#{staffId,jdbcType=VARCHAR}, #{postId,jdbcType=VARCHAR})
  </insert>
  <insert id="insertSelective" parameterType="pers.fj.staffmanage.entity.staff.manage.TbPartPO">
    insert into tb_part
    <trim prefix="(" suffix=")" suffixOverrides=",">
      <if test="staffId != null">
        staff_id,
      </if>
      <if test="postId != null">
        post_id,
      </if>
    </trim>
    <trim prefix="values (" suffix=")" suffixOverrides=",">
      <if test="staffId != null">
        #{staffId,jdbcType=VARCHAR},
      </if>
      <if test="postId != null">
        #{postId,jdbcType=VARCHAR},
      </if>
    </trim>
  </insert>
</mapper>