<?xml version="1.0" encoding="UTF-8"?>
<!DOCTYPE mapper PUBLIC "-//mybatis.org//DTD Mapper 3.0//EN" "http://mybatis.org/dtd/mybatis-3-mapper.dtd">
<mapper namespace="pers.fj.staffmanage.dao.staff.manage.TbStaffprofilePOMapper">
  <resultMap id="BaseResultMap" type="pers.fj.staffmanage.entity.staff.manage.TbStaffprofilePO">
    <id column="id" jdbcType="VARCHAR" property="id" />
    <result column="begin_date" jdbcType="VARCHAR" property="beginDate" />
    <result column="email" jdbcType="VARCHAR" property="email" />
    <result column="sex" jdbcType="VARCHAR" property="sex" />
    <result column="staff_describ" jdbcType="VARCHAR" property="staffDescrib" />
    <result column="staff_id" jdbcType="VARCHAR" property="staffId" />
    <result column="tel" jdbcType="VARCHAR" property="tel" />
  </resultMap>
  <sql id="Example_Where_Clause">
    <where>
      <foreach collection="oredCriteria" item="criteria" separator="or">
        <if test="criteria.valid">
          <trim prefix="(" prefixOverrides="and" suffix=")">
            <foreach collection="criteria.criteria" item="criterion">
              <choose>
                <when test="criterion.noValue">
                  and ${criterion.condition}
                </when>
                <when test="criterion.singleValue">
                  and ${criterion.condition} #{criterion.value}
                </when>
                <when test="criterion.betweenValue">
                  and ${criterion.condition} #{criterion.value} and #{criterion.secondValue}
                </when>
                <when test="criterion.listValue">
                  and ${criterion.condition}
                  <foreach close=")" collection="criterion.value" item="listItem" open="(" separator=",">
                    #{listItem}
                  </foreach>
                </when>
              </choose>
            </foreach>
          </trim>
        </if>
      </foreach>
    </where>
  </sql>
  <sql id="Base_Column_List">
    id, begin_date, email, sex, staff_describ, staff_id, tel
  </sql>
  <select id="selectByExample" parameterType="pers.fj.staffmanage.entity.staff.manage.TbStaffprofilePOExample" resultMap="BaseResultMap">
    select
    <if test="distinct">
      distinct
    </if>
    <include refid="Base_Column_List" />
    from tb_staffprofile
    <if test="_parameter != null">
      <include refid="Example_Where_Clause" />
    </if>
    <if test="orderByClause != null">
      order by ${orderByClause}
    </if>
  </select>
  <select id="selectByPrimaryKey" parameterType="java.lang.String" resultMap="BaseResultMap">
    select 
    <include refid="Base_Column_List" />
    from tb_staffprofile
    where id = #{id,jdbcType=VARCHAR}
  </select>
  <delete id="deleteByPrimaryKey" parameterType="java.lang.String">
    delete from tb_staffprofile
    where id = #{id,jdbcType=VARCHAR}
  </delete>
  <delete id="deleteByExample" parameterType="pers.fj.staffmanage.entity.staff.manage.TbStaffprofilePOExample">
    delete from tb_staffprofile
    <if test="_parameter != null">
      <include refid="Example_Where_Clause" />
    </if>
  </delete>
  <insert id="insert" parameterType="pers.fj.staffmanage.entity.staff.manage.TbStaffprofilePO">
    insert into tb_staffprofile (id, begin_date, email, 
      sex, staff_describ, staff_id, 
      tel)
    values (#{id,jdbcType=VARCHAR}, #{beginDate,jdbcType=VARCHAR}, #{email,jdbcType=VARCHAR}, 
      #{sex,jdbcType=VARCHAR}, #{staffDescrib,jdbcType=VARCHAR}, #{staffId,jdbcType=VARCHAR}, 
      #{tel,jdbcType=VARCHAR})
  </insert>
  <insert id="insertSelective" parameterType="pers.fj.staffmanage.entity.staff.manage.TbStaffprofilePO">
    insert into tb_staffprofile
    <trim prefix="(" suffix=")" suffixOverrides=",">
      <if test="id != null">
        id,
      </if>
      <if test="beginDate != null">
        begin_date,
      </if>
      <if test="email != null">
        email,
      </if>
      <if test="sex != null">
        sex,
      </if>
      <if test="staffDescrib != null">
        staff_describ,
      </if>
      <if test="staffId != null">
        staff_id,
      </if>
      <if test="tel != null">
        tel,
      </if>
    </trim>
    <trim prefix="values (" suffix=")" suffixOverrides=",">
      <if test="id != null">
        #{id,jdbcType=VARCHAR},
      </if>
      <if test="beginDate != null">
        #{beginDate,jdbcType=VARCHAR},
      </if>
      <if test="email != null">
        #{email,jdbcType=VARCHAR},
      </if>
      <if test="sex != null">
        #{sex,jdbcType=VARCHAR},
      </if>
      <if test="staffDescrib != null">
        #{staffDescrib,jdbcType=VARCHAR},
      </if>
      <if test="staffId != null">
        #{staffId,jdbcType=VARCHAR},
      </if>
      <if test="tel != null">
        #{tel,jdbcType=VARCHAR},
      </if>
    </trim>
  </insert>
  <update id="updateByPrimaryKeySelective" parameterType="pers.fj.staffmanage.entity.staff.manage.TbStaffprofilePO">
    update tb_staffprofile
    <set>
      <if test="beginDate != null">
        begin_date = #{beginDate,jdbcType=VARCHAR},
      </if>
      <if test="email != null">
        email = #{email,jdbcType=VARCHAR},
      </if>
      <if test="sex != null">
        sex = #{sex,jdbcType=VARCHAR},
      </if>
      <if test="staffDescrib != null">
        staff_describ = #{staffDescrib,jdbcType=VARCHAR},
      </if>
      <if test="staffId != null">
        staff_id = #{staffId,jdbcType=VARCHAR},
      </if>
      <if test="tel != null">
        tel = #{tel,jdbcType=VARCHAR},
      </if>
    </set>
    where id = #{id,jdbcType=VARCHAR}
  </update>
  <update id="updateByPrimaryKey" parameterType="pers.fj.staffmanage.entity.staff.manage.TbStaffprofilePO">
    update tb_staffprofile
    set begin_date = #{beginDate,jdbcType=VARCHAR},
      email = #{email,jdbcType=VARCHAR},
      sex = #{sex,jdbcType=VARCHAR},
      staff_describ = #{staffDescrib,jdbcType=VARCHAR},
      staff_id = #{staffId,jdbcType=VARCHAR},
      tel = #{tel,jdbcType=VARCHAR}
    where id = #{id,jdbcType=VARCHAR}
  </update>
</mapper>