<?xml version="1.0" encoding="UTF-8"?>
<!DOCTYPE mapper PUBLIC "-//mybatis.org//DTD Mapper 3.0//EN" "http://mybatis.org/dtd/mybatis-3-mapper.dtd">
<mapper namespace="pers.fj.staffmanage.dao.staff.manage.TbDepartPOMapper">
  <resultMap id="BaseResultMap" type="pers.fj.staffmanage.entity.staff.manage.TbDepartPO">
    <id column="id" jdbcType="VARCHAR" property="id" />
    <result column="depart_describ" jdbcType="VARCHAR" property="departDescrib" />
    <result column="depart_name" jdbcType="VARCHAR" property="departName" />
    <result column="high_depart_id" jdbcType="VARCHAR" property="highDepartId" />
  </resultMap>
  <sql id="Example_Where_Clause">
    <where>
      <foreach collection="oredCriteria" item="criteria" separator="or">
        <if test="criteria.valid">
          <trim prefix="(" prefixOverrides="and" suffix=")">
            <foreach collection="criteria.criteria" item="criterion">
              <choose>
                <when test="criterion.noValue">
                  and ${criterion.condition}
                </when>
                <when test="criterion.singleValue">
                  and ${criterion.condition} #{criterion.value}
                </when>
                <when test="criterion.betweenValue">
                  and ${criterion.condition} #{criterion.value} and #{criterion.secondValue}
                </when>
                <when test="criterion.listValue">
                  and ${criterion.condition}
                  <foreach close=")" collection="criterion.value" item="listItem" open="(" separator=",">
                    #{listItem}
                  </foreach>
                </when>
              </choose>
            </foreach>
          </trim>
        </if>
      </foreach>
    </where>
  </sql>
  <sql id="Base_Column_List">
    id, depart_describ, depart_name, high_depart_id
  </sql>
  <select id="selectByExample" parameterType="pers.fj.staffmanage.entity.staff.manage.TbDepartPOExample" resultMap="BaseResultMap">
    select
    <if test="distinct">
      distinct
    </if>
    <include refid="Base_Column_List" />
    from tb_depart
    <if test="_parameter != null">
      <include refid="Example_Where_Clause" />
    </if>
    <if test="orderByClause != null">
      order by ${orderByClause}
    </if>
  </select>
  <select id="selectByPrimaryKey" parameterType="java.lang.String" resultMap="BaseResultMap">
    select 
    <include refid="Base_Column_List" />
    from tb_depart
    where id = #{id,jdbcType=VARCHAR}
  </select>
  <delete id="deleteByPrimaryKey" parameterType="java.lang.String">
    delete from tb_depart
    where id = #{id,jdbcType=VARCHAR}
  </delete>
  <delete id="deleteByExample" parameterType="pers.fj.staffmanage.entity.staff.manage.TbDepartPOExample">
    delete from tb_depart
    <if test="_parameter != null">
      <include refid="Example_Where_Clause" />
    </if>
  </delete>
  <insert id="insert" parameterType="pers.fj.staffmanage.entity.staff.manage.TbDepartPO">
    insert into tb_depart (id, depart_describ, depart_name, 
      high_depart_id)
    values (#{id,jdbcType=VARCHAR}, #{departDescrib,jdbcType=VARCHAR}, #{departName,jdbcType=VARCHAR}, 
      #{highDepartId,jdbcType=VARCHAR})
  </insert>
  <insert id="insertSelective" parameterType="pers.fj.staffmanage.entity.staff.manage.TbDepartPO">
    insert into tb_depart
    <trim prefix="(" suffix=")" suffixOverrides=",">
      <if test="id != null">
        id,
      </if>
      <if test="departDescrib != null">
        depart_describ,
      </if>
      <if test="departName != null">
        depart_name,
      </if>
      <if test="highDepartId != null">
        high_depart_id,
      </if>
    </trim>
    <trim prefix="values (" suffix=")" suffixOverrides=",">
      <if test="id != null">
        #{id,jdbcType=VARCHAR},
      </if>
      <if test="departDescrib != null">
        #{departDescrib,jdbcType=VARCHAR},
      </if>
      <if test="departName != null">
        #{departName,jdbcType=VARCHAR},
      </if>
      <if test="highDepartId != null">
        #{highDepartId,jdbcType=VARCHAR},
      </if>
    </trim>
  </insert>
  <update id="updateByPrimaryKeySelective" parameterType="pers.fj.staffmanage.entity.staff.manage.TbDepartPO">
    update tb_depart
    <set>
      <if test="departDescrib != null">
        depart_describ = #{departDescrib,jdbcType=VARCHAR},
      </if>
      <if test="departName != null">
        depart_name = #{departName,jdbcType=VARCHAR},
      </if>
      <if test="highDepartId != null">
        high_depart_id = #{highDepartId,jdbcType=VARCHAR},
      </if>
    </set>
    where id = #{id,jdbcType=VARCHAR}
  </update>
  <update id="updateByPrimaryKey" parameterType="pers.fj.staffmanage.entity.staff.manage.TbDepartPO">
    update tb_depart
    set depart_describ = #{departDescrib,jdbcType=VARCHAR},
      depart_name = #{departName,jdbcType=VARCHAR},
      high_depart_id = #{highDepartId,jdbcType=VARCHAR}
    where id = #{id,jdbcType=VARCHAR}
  </update>
</mapper>