<?xml version="1.0" encoding="UTF-8"?>
<!DOCTYPE mapper PUBLIC "-//mybatis.org//DTD Mapper 3.0//EN" "http://mybatis.org/dtd/mybatis-3-mapper.dtd">
<mapper namespace="pers.fj.staffmanage.dao.staff.manage.TbPostPOMapper">
  <resultMap id="BaseResultMap" type="pers.fj.staffmanage.entity.staff.manage.TbPostPO">
    <id column="id" jdbcType="VARCHAR" property="id" />
    <result column="depart_id" jdbcType="VARCHAR" property="departId" />
    <result column="post_name" jdbcType="VARCHAR" property="postName" />
    <result column="post_describ" jdbcType="VARCHAR" property="postDescrib" />
  </resultMap>
  <sql id="Example_Where_Clause">
    <where>
      <foreach collection="oredCriteria" item="criteria" separator="or">
        <if test="criteria.valid">
          <trim prefix="(" prefixOverrides="and" suffix=")">
            <foreach collection="criteria.criteria" item="criterion">
              <choose>
                <when test="criterion.noValue">
                  and ${criterion.condition}
                </when>
                <when test="criterion.singleValue">
                  and ${criterion.condition} #{criterion.value}
                </when>
                <when test="criterion.betweenValue">
                  and ${criterion.condition} #{criterion.value} and #{criterion.secondValue}
                </when>
                <when test="criterion.listValue">
                  and ${criterion.condition}
                  <foreach close=")" collection="criterion.value" item="listItem" open="(" separator=",">
                    #{listItem}
                  </foreach>
                </when>
              </choose>
            </foreach>
          </trim>
        </if>
      </foreach>
    </where>
  </sql>
  <sql id="Base_Column_List">
    id, depart_id, post_name, post_describ
  </sql>
  <select id="selectByExample" parameterType="pers.fj.staffmanage.entity.staff.manage.TbPostPOExample" resultMap="BaseResultMap">
    select
    <if test="distinct">
      distinct
    </if>
    <include refid="Base_Column_List" />
    from tb_post
    <if test="_parameter != null">
      <include refid="Example_Where_Clause" />
    </if>
    <if test="orderByClause != null">
      order by ${orderByClause}
    </if>
  </select>
  <select id="selectByPrimaryKey" parameterType="java.lang.String" resultMap="BaseResultMap">
    select 
    <include refid="Base_Column_List" />
    from tb_post
    where id = #{id,jdbcType=VARCHAR}
  </select>
  <delete id="deleteByPrimaryKey" parameterType="java.lang.String">
    delete from tb_post
    where id = #{id,jdbcType=VARCHAR}
  </delete>
  <delete id="deleteByExample" parameterType="pers.fj.staffmanage.entity.staff.manage.TbPostPOExample">
    delete from tb_post
    <if test="_parameter != null">
      <include refid="Example_Where_Clause" />
    </if>
  </delete>
  <insert id="insert" parameterType="pers.fj.staffmanage.entity.staff.manage.TbPostPO">
    insert into tb_post (id, depart_id, post_name, 
      post_describ)
    values (#{id,jdbcType=VARCHAR}, #{departId,jdbcType=VARCHAR}, #{postName,jdbcType=VARCHAR}, 
      #{postDescrib,jdbcType=VARCHAR})
  </insert>
  <insert id="insertSelective" parameterType="pers.fj.staffmanage.entity.staff.manage.TbPostPO">
    insert into tb_post
    <trim prefix="(" suffix=")" suffixOverrides=",">
      <if test="id != null">
        id,
      </if>
      <if test="departId != null">
        depart_id,
      </if>
      <if test="postName != null">
        post_name,
      </if>
      <if test="postDescrib != null">
        post_describ,
      </if>
    </trim>
    <trim prefix="values (" suffix=")" suffixOverrides=",">
      <if test="id != null">
        #{id,jdbcType=VARCHAR},
      </if>
      <if test="departId != null">
        #{departId,jdbcType=VARCHAR},
      </if>
      <if test="postName != null">
        #{postName,jdbcType=VARCHAR},
      </if>
      <if test="postDescrib != null">
        #{postDescrib,jdbcType=VARCHAR},
      </if>
    </trim>
  </insert>
  <update id="updateByPrimaryKeySelective" parameterType="pers.fj.staffmanage.entity.staff.manage.TbPostPO">
    update tb_post
    <set>
      <if test="departId != null">
        depart_id = #{departId,jdbcType=VARCHAR},
      </if>
      <if test="postName != null">
        post_name = #{postName,jdbcType=VARCHAR},
      </if>
      <if test="postDescrib != null">
        post_describ = #{postDescrib,jdbcType=VARCHAR},
      </if>
    </set>
    where id = #{id,jdbcType=VARCHAR}
  </update>
  <update id="updateByPrimaryKey" parameterType="pers.fj.staffmanage.entity.staff.manage.TbPostPO">
    update tb_post
    set depart_id = #{departId,jdbcType=VARCHAR},
      post_name = #{postName,jdbcType=VARCHAR},
      post_describ = #{postDescrib,jdbcType=VARCHAR}
    where id = #{id,jdbcType=VARCHAR}
  </update>
</mapper>