<?xml version="1.0" encoding="UTF-8"?>
<!DOCTYPE mapper PUBLIC "-//mybatis.org//DTD Mapper 3.0//EN" "http://mybatis.org/dtd/mybatis-3-mapper.dtd">
<mapper namespace="pers.fj.staffmanage.dao.staff.manage.TbStaffPOMapper">
  <resultMap id="BaseResultMap" type="pers.fj.staffmanage.entity.staff.manage.TbStaffPO">
    <id column="id" jdbcType="VARCHAR" property="id" />
    <result column="name" jdbcType="VARCHAR" property="name" />
    <result column="is_admin" jdbcType="CHAR" property="isAdmin" />
    <result column="passwd" jdbcType="VARCHAR" property="passwd" />
    <result column="sort" jdbcType="INTEGER" property="sort" />
    <result column="depart_id" jdbcType="VARCHAR" property="departId" />
    <result column="post_id" jdbcType="VARCHAR" property="postId" />
    <result column="code" jdbcType="VARCHAR" property="code" />
    <result column="is_active" jdbcType="VARCHAR" property="isActive" />
  </resultMap>
  <sql id="Example_Where_Clause">
    <where>
      <foreach collection="oredCriteria" item="criteria" separator="or">
        <if test="criteria.valid">
          <trim prefix="(" prefixOverrides="and" suffix=")">
            <foreach collection="criteria.criteria" item="criterion">
              <choose>
                <when test="criterion.noValue">
                  and ${criterion.condition}
                </when>
                <when test="criterion.singleValue">
                  and ${criterion.condition} #{criterion.value}
                </when>
                <when test="criterion.betweenValue">
                  and ${criterion.condition} #{criterion.value} and #{criterion.secondValue}
                </when>
                <when test="criterion.listValue">
                  and ${criterion.condition}
                  <foreach close=")" collection="criterion.value" item="listItem" open="(" separator=",">
                    #{listItem}
                  </foreach>
                </when>
              </choose>
            </foreach>
          </trim>
        </if>
      </foreach>
    </where>
  </sql>
  <sql id="Base_Column_List">
    id, name, is_admin, passwd, sort, depart_id, post_id, code, is_active
  </sql>
  <select id="selectByExample" parameterType="pers.fj.staffmanage.entity.staff.manage.TbStaffPOExample" resultMap="BaseResultMap">
    select
    <if test="distinct">
      distinct
    </if>
    <include refid="Base_Column_List" />
    from tb_staff
    <if test="_parameter != null">
      <include refid="Example_Where_Clause" />
    </if>
    <if test="orderByClause != null">
      order by ${orderByClause}
    </if>
  </select>
  <select id="selectByPrimaryKey" parameterType="java.lang.String" resultMap="BaseResultMap">
    select 
    <include refid="Base_Column_List" />
    from tb_staff
    where id = #{id,jdbcType=VARCHAR}
  </select>
  <delete id="deleteByPrimaryKey" parameterType="java.lang.String">
    delete from tb_staff
    where id = #{id,jdbcType=VARCHAR}
  </delete>
  <delete id="deleteByExample" parameterType="pers.fj.staffmanage.entity.staff.manage.TbStaffPOExample">
    delete from tb_staff
    <if test="_parameter != null">
      <include refid="Example_Where_Clause" />
    </if>
  </delete>
  <insert id="insert" parameterType="pers.fj.staffmanage.entity.staff.manage.TbStaffPO">
    insert into tb_staff (id, name, is_admin, 
      passwd, sort, depart_id, 
      post_id, code, is_active
      )
    values (#{id,jdbcType=VARCHAR}, #{name,jdbcType=VARCHAR}, #{isAdmin,jdbcType=CHAR}, 
      #{passwd,jdbcType=VARCHAR}, #{sort,jdbcType=INTEGER}, #{departId,jdbcType=VARCHAR}, 
      #{postId,jdbcType=VARCHAR}, #{code,jdbcType=VARCHAR}, #{isActive,jdbcType=VARCHAR}
      )
  </insert>
  <insert id="insertSelective" parameterType="pers.fj.staffmanage.entity.staff.manage.TbStaffPO">
    insert into tb_staff
    <trim prefix="(" suffix=")" suffixOverrides=",">
      <if test="id != null">
        id,
      </if>
      <if test="name != null">
        name,
      </if>
      <if test="isAdmin != null">
        is_admin,
      </if>
      <if test="passwd != null">
        passwd,
      </if>
      <if test="sort != null">
        sort,
      </if>
      <if test="departId != null">
        depart_id,
      </if>
      <if test="postId != null">
        post_id,
      </if>
      <if test="code != null">
        code,
      </if>
      <if test="isActive != null">
        is_active,
      </if>
    </trim>
    <trim prefix="values (" suffix=")" suffixOverrides=",">
      <if test="id != null">
        #{id,jdbcType=VARCHAR},
      </if>
      <if test="name != null">
        #{name,jdbcType=VARCHAR},
      </if>
      <if test="isAdmin != null">
        #{isAdmin,jdbcType=CHAR},
      </if>
      <if test="passwd != null">
        #{passwd,jdbcType=VARCHAR},
      </if>
      <if test="sort != null">
        #{sort,jdbcType=INTEGER},
      </if>
      <if test="departId != null">
        #{departId,jdbcType=VARCHAR},
      </if>
      <if test="postId != null">
        #{postId,jdbcType=VARCHAR},
      </if>
      <if test="code != null">
        #{code,jdbcType=VARCHAR},
      </if>
      <if test="isActive != null">
        #{isActive,jdbcType=VARCHAR},
      </if>
    </trim>
  </insert>
  <update id="updateByPrimaryKeySelective" parameterType="pers.fj.staffmanage.entity.staff.manage.TbStaffPO">
    update tb_staff
    <set>
      <if test="name != null">
        name = #{name,jdbcType=VARCHAR},
      </if>
      <if test="isAdmin != null">
        is_admin = #{isAdmin,jdbcType=CHAR},
      </if>
      <if test="passwd != null">
        passwd = #{passwd,jdbcType=VARCHAR},
      </if>
      <if test="sort != null">
        sort = #{sort,jdbcType=INTEGER},
      </if>
      <if test="departId != null">
        depart_id = #{departId,jdbcType=VARCHAR},
      </if>
      <if test="postId != null">
        post_id = #{postId,jdbcType=VARCHAR},
      </if>
      <if test="code != null">
        code = #{code,jdbcType=VARCHAR},
      </if>
      <if test="isActive != null">
        is_active = #{isActive,jdbcType=VARCHAR},
      </if>
    </set>
    where id = #{id,jdbcType=VARCHAR}
  </update>
  <update id="updateByPrimaryKey" parameterType="pers.fj.staffmanage.entity.staff.manage.TbStaffPO">
    update tb_staff
    set name = #{name,jdbcType=VARCHAR},
      is_admin = #{isAdmin,jdbcType=CHAR},
      passwd = #{passwd,jdbcType=VARCHAR},
      sort = #{sort,jdbcType=INTEGER},
      depart_id = #{departId,jdbcType=VARCHAR},
      post_id = #{postId,jdbcType=VARCHAR},
      code = #{code,jdbcType=VARCHAR},
      is_active = #{isActive,jdbcType=VARCHAR}
    where id = #{id,jdbcType=VARCHAR}
  </update>
</mapper>