<?xml version="1.0" encoding="UTF-8"?>
<!DOCTYPE mapper PUBLIC "-//mybatis.org//DTD Mapper 3.0//EN" "http://mybatis.org/dtd/mybatis-3-mapper.dtd">
<mapper namespace="pers.fj.staffmanage.dao.dict.DictValueMapper">
	<resultMap id="BaseResultMap" type="pers.fj.staffmanage.entity.staff.manage.DictValuePO">
		<id column="id" jdbcType="VARCHAR" property="id" />
		<result column="name" jdbcType="VARCHAR" property="name" />
		<result column="value" jdbcType="VARCHAR" property="value" />
		<result column="dict_code" jdbcType="VARCHAR" property="dictCode" />
		<result column="sort" jdbcType="INTEGER" property="sort" />
		<result column="created_by" jdbcType="VARCHAR" property="createdBy" />
		<result column="created_at" jdbcType="TIMESTAMP" property="createdAt" />
		<result column="updated_by" jdbcType="VARCHAR" property="updatedBy" />
		<result column="updated_at" jdbcType="TIMESTAMP" property="updatedAt" />
		<result column="del_flag" jdbcType="CHAR" property="delFlag" />
	</resultMap>


	<sql id="Base_Column_List">
		id, name, value,dict_code,sort,created_by, created_at, updated_by, updated_at,del_flag
	</sql>

	<sql id="Example_Where_Clause">
		<where>
			<foreach collection="oredCriteria" item="criteria" separator="or">
				<if test="criteria.valid">
					<trim prefix="(" prefixOverrides="and" suffix=")">
						<foreach collection="criteria.criteria" item="criterion">
							<choose>
								<when test="criterion.noValue">
									and ${criterion.condition}
								</when>
								<when test="criterion.singleValue">
									and ${criterion.condition} #{criterion.value}
								</when>
								<when test="criterion.betweenValue">
									and ${criterion.condition} #{criterion.value} and
									#{criterion.secondValue}
								</when>
								<when test="criterion.listValue">
									and ${criterion.condition}
									<foreach close=")" collection="criterion.value" item="listItem"
										open="(" separator=",">
										#{listItem}
									</foreach>
								</when>
							</choose>
						</foreach>
					</trim>
				</if>
			</foreach>
		</where>
	</sql>

	<select id="selectByExample" parameterType="pers.fj.staffmanage.entity.staff.manage.DictValuePOExample"
		resultMap="BaseResultMap">
		select
		<if test="distinct">
			distinct
		</if>
		<include refid="Base_Column_List" />
		from dict_value
		<if test="_parameter != null">
			<include refid="Example_Where_Clause" />
		</if>
		<if test="orderByClause != null">
			order by ${orderByClause}
		</if>
	</select>

</mapper>